{
    "Train": {
        "H@1": 0.047855381181365994,
        "H@3": 0.1068106976039241,
        "H@10": 0.2403282031497582,
        "MRR": 0.1073270519156188
    }
}